{"Accels": [1.0, 1.0, 1.0], "AccelBias": [0.0, 0.0, 0.0], "GyroBias": [-0.002109255768031601, -0.031701421761065836, 0.0021518669956686037], "Mags": [1.0806147209490429, 1.1259099487732542, 0.7934753302777028], "MagBias": [-10.924367792504265, -21.51136600666186, 17.16485247043319], "Magtransform": [[-0.2636160419340056, -0.6955684278965826, 0.8509112493744434], [-0.6955684278965828, -3.1694932729837175, 1.1043101711376693], [0.8509112493744433, 1.1043101711376693, -0.8789588250734122]]}